NÚMERO DE MUNICIPIO,NOMBRE DEL MUNICIPIO,DISTRITO ELECTORAL LOCAL,CABECERA DISTRITO LOCAL,RANGO DE SECCIONES,,SECCIONES POR RANGO,TOTAL DE SECCIONES POR RANGO SEGÚN DISTRITO,TOTAL DE SECCIONES POR MUNICIPIO
1,ACAMBAY DE RUIZ CASTANEDA,14,JILOTEPEC DE ANDRES MOLINA ENRÍQUEZ,1,32,32,32,32
2,ACOLMAN,39,TEPEXPAN,33,57,25,33,33
2,ACOLMAN,39,TEPEXPAN,6538,6545,8,,
3,ACULCO,14,JILOTEPEC DE ANDRES MOLINA ENRÍQUEZ,59,71,13,24,24
3,ACULCO,,,73,81,9,,
3,ACULCO,,,6580,6581,2,,
4,ALMOLOYA DE ALQUISIRAS,9,TEJUPILCO DE HIDALGO,82,93,12,12,12
5,ALMOLOYA DE JUÁREZ,45,BARRIO LA CABECERA 3A SECCION,94,107,14,56,56
5,ALMOLOYA DE JUÁREZ,45,BARRIO LA CABECERA 3A SECCION,109,150,42,,
6,ALMOLOYA DEL RÍO,29,TIANGUISTENCO DE GALEANA,151,155,5,5,5
7,AMANALCO,10,VALLE DE BRAVO,156,165,10,10,10
8,AMATEPEC,9,TEJUPILCO DE HIDALGO,166,192,27,27,27
9,AMECAMECA,28,AMECAMECA DE JUÁREZ,193,218,26,26,26
10,APAXCO,20,ZUMPANGO DE OCAMPO,219,232,14,14,14
11,ATENCO,39,TEPEXPAN,233,246,14,14,14
12,ATIZAPÁN,29,TIANGUISTENCO DE GALEANA,248,249,2,4,4
12,ATIZAPÁN,,,6611,6612,2,,
13,ATIZAPÁN DE ZARAGOZA,16,CIUDAD ADOLFO LÓPEZ MATEOS,250,254,5,126,169
13,ATIZAPÁN DE ZARAGOZA,16,CIUDAD ADOLFO LÓPEZ MATEOS,272,288,17,,
13,ATIZAPÁN DE ZARAGOZA,16,CIUDAD ADOLFO LÓPEZ MATEOS,301,306,6,,
13,ATIZAPÁN DE ZARAGOZA,16,CIUDAD ADOLFO LÓPEZ MATEOS,308,313,6,,
13,ATIZAPÁN DE ZARAGOZA,16,CIUDAD ADOLFO LÓPEZ MATEOS,322,344,23,,
13,ATIZAPÁN DE ZARAGOZA,16,CIUDAD ADOLFO LÓPEZ MATEOS,349,364,16,,
13,ATIZAPÁN DE ZARAGOZA,16,CIUDAD ADOLFO LÓPEZ MATEOS,367,401,35,,
13,ATIZAPÁN DE ZARAGOZA,16,CIUDAD ADOLFO LÓPEZ MATEOS,403,416,14,,
13,ATIZAPÁN DE ZARAGOZA,16,CIUDAD ADOLFO LÓPEZ MATEOS,6607,6608,2,,
13,ATIZAPÁN DE ZARAGOZA,16,CIUDAD ADOLFO LÓPEZ MATEOS,6662,6663,2,,
13,ATIZAPÁN DE ZARAGOZA,26,CUAUTITLÁN IZCALLI,255,271,17,43,
13,ATIZAPÁN DE ZARAGOZA,26,CUAUTITLÁN IZCALLI,289,300,12,,
13,ATIZAPÁN DE ZARAGOZA,26,CUAUTITLÁN IZCALLI,314,321,8,,
13,ATIZAPÁN DE ZARAGOZA,26,CUAUTITLÁN IZCALLI,345,348,4,,
13,ATIZAPÁN DE ZARAGOZA,26,CUAUTITLÁN IZCALLI,365,366,2,,
14,ATLACOMULCO,13,ATLACOMULCO DE FABELA,417,455,39,39,39
15,ATLAUTLA,28,AMECAMECA DE JUÁREZ,456,468,13,13,13
16,AXAPUSCO,33,OJO DE AGUA,469,487,19,20,20
16,AXAPUSCO,33,OJO DE AGUA,489,0,1,,
17,AYAPANGO,28,AMECAMECA DE JUÁREZ,490,494,5,5,5
18,CALIMAYA,29,TIANGUISTENCO DE GALEANA,495,510,16,16,16
19,CAPULHUAC,29,TIANGUISTENCO DE GALEANA,511,522,12,12,12
20,COACALCO DE BERRIOZÁBAL,38,COACALCO DE BERRIOZÁBAL,523,628,106,106,106
21,COATEPEC HARINAS,9,TEJUPILCO DE HIDALGO,629,647,19,19,19
22,COCOTITLÁN,28,AMECAMECA DE JUÁREZ,648,653,6,6,6
23,COYOTEPEC,12,TEOLOYUCAN,654,661,8,12,12
23,COYOTEPEC,12,TEOLOYUCAN,663,664,2,,
23,COYOTEPEC,12,TEOLOYUCAN,6621,6622,2,,
24,CUAUTITLÁN,19,SANTA MARÍA TULTEPEC,665,691,27,35,35
24,CUAUTITLÁN,19,SANTA MARÍA TULTEPEC,6531,6537,7,,
24,CUAUTITLÁN,19,SANTA MARÍA TULTEPEC,6652,0,1,,
25,CUAUTITLÁN IZCALLI,26,CUAUTITLÁN IZCALLI,797,798,2,74,259
25,CUAUTITLÁN IZCALLI,,,806,819,14,,
25,CUAUTITLÁN IZCALLI,,,833,844,12,,
25,CUAUTITLÁN IZCALLI,,,848,855,8,,
25,CUAUTITLÁN IZCALLI,,,860,872,13,,
25,CUAUTITLÁN IZCALLI,,,881,905,25,,
25,CUAUTITLÁN IZCALLI,43,CUAUTITLÁN IZCALLI,692,697,6,185,
25,CUAUTITLÁN IZCALLI,43,CUAUTITLÁN IZCALLI,699,796,98,,
25,CUAUTITLÁN IZCALLI,43,CUAUTITLÁN IZCALLI,799,805,7,,
25,CUAUTITLÁN IZCALLI,43,CUAUTITLÁN IZCALLI,820,825,6,,
25,CUAUTITLÁN IZCALLI,43,CUAUTITLÁN IZCALLI,827,832,6,,
25,CUAUTITLÁN IZCALLI,43,CUAUTITLÁN IZCALLI,845,847,3,,
25,CUAUTITLÁN IZCALLI,43,CUAUTITLÁN IZCALLI,856,859,4,,
25,CUAUTITLÁN IZCALLI,43,CUAUTITLÁN IZCALLI,873,880,8,,
25,CUAUTITLÁN IZCALLI,43,CUAUTITLÁN IZCALLI,906,910,5,,
25,CUAUTITLÁN IZCALLI,43,CUAUTITLÁN IZCALLI,6184,6207,24,,
25,CUAUTITLÁN IZCALLI,43,CUAUTITLÁN IZCALLI,6463,6465,3,,
25,CUAUTITLÁN IZCALLI,43,CUAUTITLÁN IZCALLI,6467,6470,4,,
25,CUAUTITLÁN IZCALLI,43,CUAUTITLÁN IZCALLI,6472,6480,9,,
25,CUAUTITLÁN IZCALLI,43,CUAUTITLÁN IZCALLI,6592,6593,2,,
26,CHALCO,1,CHALCO DE DÍAZ COVARRUBIAS,937,938,2,71,71
26,CHALCO,1,CHALCO DE DÍAZ COVARRUBIAS,966,967,2,,
26,CHALCO,1,CHALCO DE DÍAZ COVARRUBIAS,986,996,11,,
26,CHALCO,1,CHALCO DE DÍAZ COVARRUBIAS,1017,1027,11,,
26,CHALCO,1,CHALCO DE DÍAZ COVARRUBIAS,1035,1060,26,,
26,CHALCO,1,CHALCO DE DÍAZ COVARRUBIAS,1062,1080,19,,
27,CHAPA DE MOTA,14,JILOTEPEC DE ANDRES MOLINA ENRÍQUEZ,1081,1094,14,14,14
28,CHAPULTEPEC,35,METEPEC,1095,1096,2,2,2
29,CHIAUTLA,23,TEXCOCO DE MORA,1097,1108,12,12,12
30,CHICOLOAPAN,5,CHIMALHUACÁN,1109,1111,3,70,70
30,CHICOLOAPAN,5,CHIMALHUACÁN,1114,1140,27,,
30,CHICOLOAPAN,5,CHIMALHUACÁN,6352,6391,40,,
31,CHICONCUAC,23,TEXCOCO DE MORA,1142,1144,3,8,8
31,CHICONCUAC,,,1146,1148,3,,
31,CHICONCUAC,,,6626,6627,2,,
32,CHIMALHUACÁN,3,CHIMALHUACÁN,1149,1171,23,98,98
32,CHIMALHUACÁN,3,CHIMALHUACÁN,1173,1191,19,,
32,CHIMALHUACÁN,3,CHIMALHUACÁN,1193,1209,17,,
32,CHIMALHUACÁN,3,CHIMALHUACÁN,1213,1235,23,,
32,CHIMALHUACÁN,3,CHIMALHUACÁN,1239,1240,2,,
32,CHIMALHUACÁN,3,CHIMALHUACÁN,1268,0,1,,
32,CHIMALHUACÁN,3,CHIMALHUACÁN,1271,1276,6,,
32,CHIMALHUACÁN,3,CHIMALHUACÁN,1278,1283,6,,
32,CHIMALHUACÁN,3,CHIMALHUACÁN,6648,0,1,,
32,CHIMALHUACÁN,5,CHIMALHUACÁN,1172,0,1,38,38
32,CHIMALHUACÁN,,,1192,0,1,,
32,CHIMALHUACÁN,,,1210,1212,3,,
32,CHIMALHUACÁN,,,1236,1238,3,,
32,CHIMALHUACÁN,,,5954,0,1,,
32,CHIMALHUACÁN,,,5960,5961,2,,
32,CHIMALHUACÁN,,,5964,5990,27,,
32,CHIMALHUACÁN,31,LOS REYES ACAQUILPAN,1241,1252,12,27,27
32,CHIMALHUACÁN,31,LOS REYES ACAQUILPAN,1255,1257,3,,
32,CHIMALHUACÁN,31,LOS REYES ACAQUILPAN,1266,1267,2,,
32,CHIMALHUACÁN,31,LOS REYES ACAQUILPAN,1270,0,1,,
32,CHIMALHUACÁN,31,LOS REYES ACAQUILPAN,1284,1285,2,,
32,CHIMALHUACÁN,31,LOS REYES ACAQUILPAN,5955,5959,5,,
32,CHIMALHUACÁN,31,LOS REYES ACAQUILPAN,5962,5963,2,,
33,DONATO GUERRA,10,VALLE DE BRAVO,1286,1301,16,16,16
34,ECATEPEC DE MORELOS,6,ECATEPEC DE MORELOS,1735,1780,46,151,745
34,ECATEPEC DE MORELOS,6,ECATEPEC DE MORELOS,1782,1821,40,,
34,ECATEPEC DE MORELOS,6,ECATEPEC DE MORELOS,1823,1835,13,,
34,ECATEPEC DE MORELOS,6,ECATEPEC DE MORELOS,1839,0,1,,
34,ECATEPEC DE MORELOS,6,ECATEPEC DE MORELOS,6012,6018,7,,
34,ECATEPEC DE MORELOS,6,ECATEPEC DE MORELOS,6024,6049,26,,
34,ECATEPEC DE MORELOS,6,ECATEPEC DE MORELOS,6481,6498,18,,
34,ECATEPEC DE MORELOS,8,ECATEPEC DE MORELOS,1394,1395,2,187,
34,ECATEPEC DE MORELOS,8,ECATEPEC DE MORELOS,1398,1401,4,,
34,ECATEPEC DE MORELOS,8,ECATEPEC DE MORELOS,1403,1405,3,,
34,ECATEPEC DE MORELOS,8,ECATEPEC DE MORELOS,1509,1512,4,,
34,ECATEPEC DE MORELOS,8,ECATEPEC DE MORELOS,1516,1521,6,,
34,ECATEPEC DE MORELOS,8,ECATEPEC DE MORELOS,1528,1544,17,,
34,ECATEPEC DE MORELOS,8,ECATEPEC DE MORELOS,1547,1563,17,,
34,ECATEPEC DE MORELOS,8,ECATEPEC DE MORELOS,1569,1580,12,,
34,ECATEPEC DE MORELOS,8,ECATEPEC DE MORELOS,1591,1598,8,,
34,ECATEPEC DE MORELOS,8,ECATEPEC DE MORELOS,1837,1838,2,,
34,ECATEPEC DE MORELOS,8,ECATEPEC DE MORELOS,1840,1951,112,,
34,ECATEPEC DE MORELOS,21,ECATEPEC DE MORELOS,1302,0,1,132,
34,ECATEPEC DE MORELOS,21,ECATEPEC DE MORELOS,1305,1321,17,,
34,ECATEPEC DE MORELOS,21,ECATEPEC DE MORELOS,1323,1366,44,,
34,ECATEPEC DE MORELOS,21,ECATEPEC DE MORELOS,1393,0,1,,
34,ECATEPEC DE MORELOS,21,ECATEPEC DE MORELOS,1501,1508,8,,
34,ECATEPEC DE MORELOS,21,ECATEPEC DE MORELOS,1513,1515,3,,
34,ECATEPEC DE MORELOS,21,ECATEPEC DE MORELOS,1522,1527,6,,
34,ECATEPEC DE MORELOS,21,ECATEPEC DE MORELOS,1836,0,1,,
34,ECATEPEC DE MORELOS,21,ECATEPEC DE MORELOS,5991,6011,21,,
34,ECATEPEC DE MORELOS,21,ECATEPEC DE MORELOS,6019,6023,5,,
34,ECATEPEC DE MORELOS,21,ECATEPEC DE MORELOS,6208,6232,25,,
34,ECATEPEC DE MORELOS,37,TLALNEPANTLA DE BAZ,1367,1392,26,70,
34,ECATEPEC DE MORELOS,37,TLALNEPANTLA DE BAZ,1396,1397,2,,
34,ECATEPEC DE MORELOS,37,TLALNEPANTLA DE BAZ,1402,0,1,,
34,ECATEPEC DE MORELOS,37,TLALNEPANTLA DE BAZ,1406,1408,3,,
34,ECATEPEC DE MORELOS,37,TLALNEPANTLA DE BAZ,1411,1419,9,,
34,ECATEPEC DE MORELOS,37,TLALNEPANTLA DE BAZ,1421,1423,3,,
34,ECATEPEC DE MORELOS,37,TLALNEPANTLA DE BAZ,1434,1438,5,,
34,ECATEPEC DE MORELOS,37,TLALNEPANTLA DE BAZ,1448,1452,5,,
34,ECATEPEC DE MORELOS,37,TLALNEPANTLA DE BAZ,1469,1471,3,,
34,ECATEPEC DE MORELOS,37,TLALNEPANTLA DE BAZ,1489,1498,10,,
34,ECATEPEC DE MORELOS,37,TLALNEPANTLA DE BAZ,1610,1612,3,,
34,ECATEPEC DE MORELOS,42,ECATEPEC DE MORELOS,1409,1410,2,205,
34,ECATEPEC DE MORELOS,42,ECATEPEC DE MORELOS,1420,0,1,,
34,ECATEPEC DE MORELOS,42,ECATEPEC DE MORELOS,1424,1433,10,,
34,ECATEPEC DE MORELOS,42,ECATEPEC DE MORELOS,1439,1447,9,,
34,ECATEPEC DE MORELOS,42,ECATEPEC DE MORELOS,1453,1468,16,,
34,ECATEPEC DE MORELOS,42,ECATEPEC DE MORELOS,1472,1488,17,,
34,ECATEPEC DE MORELOS,42,ECATEPEC DE MORELOS,1499,1500,2,,
34,ECATEPEC DE MORELOS,42,ECATEPEC DE MORELOS,1545,1546,2,,
34,ECATEPEC DE MORELOS,42,ECATEPEC DE MORELOS,1564,1568,5,,
34,ECATEPEC DE MORELOS,42,ECATEPEC DE MORELOS,1581,1590,10,,
34,ECATEPEC DE MORELOS,42,ECATEPEC DE MORELOS,1599,1609,11,,
34,ECATEPEC DE MORELOS,42,ECATEPEC DE MORELOS,1613,1727,115,,
34,ECATEPEC DE MORELOS,42,ECATEPEC DE MORELOS,1729,1730,2,,
34,ECATEPEC DE MORELOS,42,ECATEPEC DE MORELOS,1732,1734,3,,
35,ECATZINGO,28,AMECAMECA DE JUÁREZ,1952,1955,4,4,4
36,HUEHUETOCA,12,TEOLOYUCAN,1957,1958,2,70,70
36,HUEHUETOCA,,,1960,1975,16,,
36,HUEHUETOCA,,,6394,6432,39,,
36,HUEHUETOCA,,,6518,6530,13,,
37,HUEYPOXTLA,20,ZUMPANGO DE OCAMPO,1976,1991,16,16,16
38,HUIXQUILUCAN,17,HUIXQUILUCAN DE DEGOLLADO,1992,2006,15,81,81
38,HUIXQUILUCAN,17,HUIXQUILUCAN DE DEGOLLADO,2008,2067,60,,
38,HUIXQUILUCAN,17,HUIXQUILUCAN DE DEGOLLADO,6645,6647,3,,
38,HUIXQUILUCAN,17,HUIXQUILUCAN DE DEGOLLADO,6666,6668,3,,
39,ISIDRO FABELA,4,LERMA DE VILLADA,2068,2072,5,5,5
40,IXTAPALUCA,28,AMECAMECA DE JUÁREZ,2149,2155,7,60,226
40,IXTAPALUCA,,,2157,0,1,,
40,IXTAPALUCA,,,2159,2162,4,,
40,IXTAPALUCA,,,6109,6117,9,,
40,IXTAPALUCA,,,6127,6131,5,,
40,IXTAPALUCA,,,6137,6170,34,,
40,IXTAPALUCA,40,IXTAPALUCA,2073,2080,8,166,
40,IXTAPALUCA,40,IXTAPALUCA,2082,0,1,,
40,IXTAPALUCA,40,IXTAPALUCA,2087,2095,9,,
40,IXTAPALUCA,40,IXTAPALUCA,2097,2113,17,,
40,IXTAPALUCA,40,IXTAPALUCA,2122,2128,7,,
40,IXTAPALUCA,40,IXTAPALUCA,2130,2148,19,,
40,IXTAPALUCA,40,IXTAPALUCA,2156,0,1,,
40,IXTAPALUCA,40,IXTAPALUCA,2158,0,1,,
40,IXTAPALUCA,40,IXTAPALUCA,2163,0,1,,
40,IXTAPALUCA,40,IXTAPALUCA,6050,6108,59,,
40,IXTAPALUCA,40,IXTAPALUCA,6118,6126,9,,
40,IXTAPALUCA,40,IXTAPALUCA,6132,6136,5,,
40,IXTAPALUCA,40,IXTAPALUCA,6233,6261,29,,
41,IXTAPAN DE LA SAL,9,TEJUPILCO DE HIDALGO,2164,2182,19,19,19
42,IXTAPAN DEL ORO,10,VALLE DE BRAVO,2183,2187,5,5,5
43,IXTLAHUACA,15,IXTLAHUACA DE RAYÓN,2188,2194,7,50,50
43,IXTLAHUACA,15,IXTLAHUACA DE RAYÓN,2196,2231,36,,
43,IXTLAHUACA,15,IXTLAHUACA DE RAYÓN,2233,2235,3,,
43,IXTLAHUACA,15,IXTLAHUACA DE RAYÓN,6584,6587,4,,
44,XALATLACO,29,TIANGUISTENCO DE GALEANA,2236,2242,7,7,7
45,JALTENCO,22,OJO DE AGUA,2243,2246,4,14,14
45,JALTENCO,22,OJO DE AGUA,2250,2259,10,,
46,JILOTEPEC,14,JILOTEPEC DE ANDRES MOLINA ENRÍQUEZ,2260,2303,44,44,44
47,JILOTZINGO,4,LERMA DE VILLADA,2304,2313,10,10,10
48,JIQUIPILCO,15,IXTLAHUACA DE RAYÓN,2314,2343,30,30,30
49,JOCOTITLÁN,13,ATLACOMULCO DE FABELA,2344,2372,29,29,29
50,JOQUICINGO,7,TENANCINGO DE DEGOLLADO,2373,2377,5,5,5
51,JUCHITEPEC,28,AMECAMECA DE JUÁREZ,2378,2385,8,8,8
52,LERMA,4,LERMA DE VILLADA,2386,2428,43,49,49
52,LERMA,,,2430,2431,2,,
52,LERMA,,,4142,4143,2,,
52,LERMA,,,6613,6614,2,,
53,MALINALCO,7,TENANCINGO DE DEGOLLADO,2432,2447,16,16,16
54,MELCHOR OCAMPO,19,SANTA MARÍA TULTEPEC,2448,2463,16,16,16
55,METEPEC,35,METEPEC,2464,2549,86,86,86
56,MEXICALTZINGO,35,METEPEC,2550,2553,4,4,4
57,MORELOS,14,JILOTEPEC DE ANDRES MOLINA ENRÍQUEZ,2554,2571,18,18,18
58,NAUCALPAN DE JUÁREZ,17,HUIXQUILUCAN DE DEGOLLADO,2650,2657,8,43,458
58,NAUCALPAN DE JUÁREZ,,,2669,0,1,,
58,NAUCALPAN DE JUÁREZ,,,2673,2706,34,,
58,NAUCALPAN DE JUÁREZ,30,NAUCALPAN DE JUÁREZ,2573,2649,77,272,
58,NAUCALPAN DE JUÁREZ,30,NAUCALPAN DE JUÁREZ,2658,2666,9,,
58,NAUCALPAN DE JUÁREZ,30,NAUCALPAN DE JUÁREZ,2668,0,1,,
58,NAUCALPAN DE JUÁREZ,30,NAUCALPAN DE JUÁREZ,2670,2672,3,,
58,NAUCALPAN DE JUÁREZ,30,NAUCALPAN DE JUÁREZ,2707,2709,3,,
58,NAUCALPAN DE JUÁREZ,30,NAUCALPAN DE JUÁREZ,2711,0,1,,
58,NAUCALPAN DE JUÁREZ,30,NAUCALPAN DE JUÁREZ,2713,0,1,,
58,NAUCALPAN DE JUÁREZ,30,NAUCALPAN DE JUÁREZ,2715,0,1,,
58,NAUCALPAN DE JUÁREZ,30,NAUCALPAN DE JUÁREZ,2719,2721,3,,
58,NAUCALPAN DE JUÁREZ,30,NAUCALPAN DE JUÁREZ,2736,2741,6,,
58,NAUCALPAN DE JUÁREZ,30,NAUCALPAN DE JUÁREZ,2784,2790,7,,
58,NAUCALPAN DE JUÁREZ,30,NAUCALPAN DE JUÁREZ,2814,2829,16,,
58,NAUCALPAN DE JUÁREZ,30,NAUCALPAN DE JUÁREZ,2842,2887,46,,
58,NAUCALPAN DE JUÁREZ,30,NAUCALPAN DE JUÁREZ,2900,2907,8,,
58,NAUCALPAN DE JUÁREZ,30,NAUCALPAN DE JUÁREZ,2913,2923,11,,
58,NAUCALPAN DE JUÁREZ,30,NAUCALPAN DE JUÁREZ,2927,2938,12,,
58,NAUCALPAN DE JUÁREZ,30,NAUCALPAN DE JUÁREZ,2941,2957,17,,
58,NAUCALPAN DE JUÁREZ,30,NAUCALPAN DE JUÁREZ,2969,2994,26,,
58,NAUCALPAN DE JUÁREZ,30,NAUCALPAN DE JUÁREZ,3011,3032,22,,
58,NAUCALPAN DE JUÁREZ,30,NAUCALPAN DE JUÁREZ,6392,6393,2,,
58,NAUCALPAN DE JUÁREZ,32,NAUCALPAN DE JUÁREZ,2572,0,1,143,
58,NAUCALPAN DE JUÁREZ,32,NAUCALPAN DE JUÁREZ,2723,2735,13,,
58,NAUCALPAN DE JUÁREZ,32,NAUCALPAN DE JUÁREZ,2742,2783,42,,
58,NAUCALPAN DE JUÁREZ,32,NAUCALPAN DE JUÁREZ,2791,2813,23,,
58,NAUCALPAN DE JUÁREZ,32,NAUCALPAN DE JUÁREZ,2830,2841,12,,
58,NAUCALPAN DE JUÁREZ,32,NAUCALPAN DE JUÁREZ,2888,2899,12,,
58,NAUCALPAN DE JUÁREZ,32,NAUCALPAN DE JUÁREZ,2908,2912,5,,
58,NAUCALPAN DE JUÁREZ,32,NAUCALPAN DE JUÁREZ,2924,2926,3,,
58,NAUCALPAN DE JUÁREZ,32,NAUCALPAN DE JUÁREZ,2939,2940,2,,
58,NAUCALPAN DE JUÁREZ,32,NAUCALPAN DE JUÁREZ,2958,2968,11,,
58,NAUCALPAN DE JUÁREZ,32,NAUCALPAN DE JUÁREZ,2995,3010,16,,
58,NAUCALPAN DE JUÁREZ,32,NAUCALPAN DE JUÁREZ,3033,3035,3,,
59,NEXTLALPAN,22,OJO DE AGUA,3036,3045,10,10,10
60,NEZAHUALCÓYOTL,24,CD. NEZAHUALCÓYOTL,3107,3186,80,210,680
60,NEZAHUALCÓYOTL,24,CD. NEZAHUALCÓYOTL,3194,3281,88,,
60,NEZAHUALCÓYOTL,24,CD. NEZAHUALCÓYOTL,3350,3355,6,,
60,NEZAHUALCÓYOTL,24,CD. NEZAHUALCÓYOTL,3372,3383,12,,
60,NEZAHUALCÓYOTL,24,CD. NEZAHUALCÓYOTL,3393,3399,7,,
60,NEZAHUALCÓYOTL,24,CD. NEZAHUALCÓYOTL,3407,3412,6,,
60,NEZAHUALCÓYOTL,24,CD. NEZAHUALCÓYOTL,3426,3434,9,,
60,NEZAHUALCÓYOTL,24,CD. NEZAHUALCÓYOTL,3450,3451,2,,
60,NEZAHUALCÓYOTL,25,CD. NEZAHUALCÓYOTL,3046,3052,7,254,
60,NEZAHUALCÓYOTL,25,CD. NEZAHUALCÓYOTL,3061,3063,3,,
60,NEZAHUALCÓYOTL,25,CD. NEZAHUALCÓYOTL,3074,3088,15,,
60,NEZAHUALCÓYOTL,25,CD. NEZAHUALCÓYOTL,3098,3106,9,,
60,NEZAHUALCÓYOTL,25,CD. NEZAHUALCÓYOTL,3282,3349,68,,
60,NEZAHUALCÓYOTL,25,CD. NEZAHUALCÓYOTL,3356,3371,16,,
60,NEZAHUALCÓYOTL,25,CD. NEZAHUALCÓYOTL,3384,3392,9,,
60,NEZAHUALCÓYOTL,25,CD. NEZAHUALCÓYOTL,3400,3406,7,,
60,NEZAHUALCÓYOTL,25,CD. NEZAHUALCÓYOTL,3413,3425,13,,
60,NEZAHUALCÓYOTL,25,CD. NEZAHUALCÓYOTL,3435,3449,15,,
60,NEZAHUALCÓYOTL,25,CD. NEZAHUALCÓYOTL,3452,3511,60,,
60,NEZAHUALCÓYOTL,25,CD. NEZAHUALCÓYOTL,3579,3591,13,,
60,NEZAHUALCÓYOTL,25,CD. NEZAHUALCÓYOTL,3614,3622,9,,
60,NEZAHUALCÓYOTL,25,CD. NEZAHUALCÓYOTL,3640,3649,10,,
60,NEZAHUALCÓYOTL,41,CD. NEZAHUALCÓYOTL,1253,1254,2,216,
60,NEZAHUALCÓYOTL,41,CD. NEZAHUALCÓYOTL,1258,1265,8,,
60,NEZAHUALCÓYOTL,41,CD. NEZAHUALCÓYOTL,3053,3060,8,,
60,NEZAHUALCÓYOTL,41,CD. NEZAHUALCÓYOTL,3064,3073,10,,
60,NEZAHUALCÓYOTL,41,CD. NEZAHUALCÓYOTL,3089,3097,9,,
60,NEZAHUALCÓYOTL,41,CD. NEZAHUALCÓYOTL,3512,3578,67,,
60,NEZAHUALCÓYOTL,41,CD. NEZAHUALCÓYOTL,3592,3613,22,,
60,NEZAHUALCÓYOTL,41,CD. NEZAHUALCÓYOTL,3623,3639,17,,
60,NEZAHUALCÓYOTL,41,CD. NEZAHUALCÓYOTL,3650,3722,73,,
61,NICOLÁS ROMERO,44,NICOLÁS ROMERO,3723,3751,29,104,104
61,NICOLÁS ROMERO,44,NICOLÁS ROMERO,3753,3821,69,,
61,NICOLÁS ROMERO,44,NICOLÁS ROMERO,6588,6589,2,,
61,NICOLÁS ROMERO,44,NICOLÁS ROMERO,6641,0,1,,
61,NICOLÁS ROMERO,44,NICOLÁS ROMERO,6657,6659,3,,
62,NOPALTEPEC,33,OJO DE AGUA,3823,3827,5,5,5
63,OCOYOACAC,4,LERMA DE VILLADA,3828,3849,22,22,22
64,OCUILAN,29,TIANGUISTENCO DE GALEANA,3850,3862,13,13,13
65,EL ORO,13,ATLACOMULCO DE FABELA,3863,3879,17,18,18
65,EL ORO,,,6640,0,1,,
66,OTUMBA,39,TEPEXPAN,3880,3885,6,18,18
66,OTUMBA,,,3887,3898,12,,
67,OTZOLOAPAN,10,VALLE DE BRAVO,3899,3902,4,4,4
68,OTZOLOTEPEC,45,BARRIO LA CABECERA 3A SECCION,3903,3918,16,26,26
68,OTZOLOTEPEC,,,3920,3926,7,,
68,OTZOLOTEPEC,,,6609,6610,2,,
68,OTZOLOTEPEC,,,6517,0,1,,
69,OZUMBA,28,AMECAMECA DE JUÁREZ,3927,3939,13,13,13
70,PAPALOTLA,23,TEXCOCO DE MORA,3940,3941,2,2,2
71,LA PAZ,31,LOS REYES ACAQUILPAN,3942,4006,65,83,83
71,LA PAZ,,,5938,5953,16,,
71,LA PAZ,,,6636,6637,2,,
72,POLOTITLÁN,14,JILOTEPEC DE ANDRES MOLINA ENRÍQUEZ,4008,4017,10,10,10
73,RAYÓN,29,TIANGUISTENCO DE GALEANA,4018,4021,4,4,4
74,SAN ANTONIO LA ISLA,29,TIANGUISTENCO DE GALEANA,4022,4025,4,4,4
75,SAN FELIPE DEL PROGRESO,15,IXTLAHUACA DE RAYÓN,4026,0,1,47,47
75,SAN FELIPE DEL PROGRESO,,,4032,0,1,,
75,SAN FELIPE DEL PROGRESO,,,4034,4036,3,,
75,SAN FELIPE DEL PROGRESO,,,4038,4043,6,,
75,SAN FELIPE DEL PROGRESO,,,4051,4058,8,,
75,SAN FELIPE DEL PROGRESO,,,4060,4061,2,,
75,SAN FELIPE DEL PROGRESO,,,4068,4079,12,,
75,SAN FELIPE DEL PROGRESO,,,4086,4090,5,,
75,SAN FELIPE DEL PROGRESO,,,4097,0,1,,
75,SAN FELIPE DEL PROGRESO,,,4100,0,1,,
75,SAN FELIPE DEL PROGRESO,,,4103,0,1,,
75,SAN FELIPE DEL PROGRESO,,,6594,6599,6,,
76,SAN MARTÍN DE LAS PIRÁMIDES,33,OJO DE AGUA,4106,4119,14,14,14
77,SAN MATEO ATENCO,35,METEPEC,4121,4126,6,22,22
77,SAN MATEO ATENCO,,,4128,4141,14,,
77,SAN MATEO ATENCO,,,6673,6674,2,,
78,SAN SIMÓN DE GUERRERO,9,TEJUPILCO DE HIDALGO,4144,4147,4,4,4
79,SANTO TOMÁS,10,VALLE DE BRAVO,4148,4157,10,10,10
80,SOYANIQUILPAN DE JUÁREZ,14,JILOTEPEC DE ANDRES MOLINA ENRÍQUEZ,4158,4164,7,7,7
81,SULTEPEC,9,TEJUPILCO DE HIDALGO,4165,4187,23,23,23
82,TECÁMAC,22,OJO DE AGUA,4211,0,1,142,188
82,TECÁMAC,,,4230,0,1,,
82,TECÁMAC,,,4232,4240,9,,
82,TECÁMAC,,,4242,4245,4,,
82,TECÁMAC,,,4248,4250,3,,
82,TECÁMAC,,,4253,4255,3,,
82,TECÁMAC,,,6264,6289,26,,
82,TECÁMAC,,,6291,6351,61,,
82,TECÁMAC,,,6546,6579,34,,
82,TECÁMAC,33,OJO DE AGUA,4188,4210,23,46,
82,TECÁMAC,,,4212,4229,18,,
82,TECÁMAC,,,4231,0,1,,
82,TECÁMAC,,,4246,4247,2,,
82,TECÁMAC,,,4251,0,1,,
82,TECÁMAC,,,6263,0,1,,
83,TEJUPILCO,9,TEJUPILCO DE HIDALGO,4256,4257,2,46,46
83,TEJUPILCO,,,4259,4265,7,,
83,TEJUPILCO,,,4274,4277,4,,
83,TEJUPILCO,,,4279,4280,2,,
83,TEJUPILCO,,,4283,0,1,,
83,TEJUPILCO,,,4291,4295,5,,
83,TEJUPILCO,,,4297,4300,4,,
83,TEJUPILCO,,,4303,4305,3,,
83,TEJUPILCO,,,4307,4310,4,,
83,TEJUPILCO,,,4312,4316,5,,
83,TEJUPILCO,,,4319,0,1,,
83,TEJUPILCO,,,4321,4325,5,,
83,TEJUPILCO,,,6649,0,1,,
83,TEJUPILCO,,,6677,6678,2,,
84,TEMAMATLA,28,AMECAMECA DE JUÁREZ,4326,4330,5,5,5
85,TEMASCALAPA,33,OJO DE AGUA,4331,4345,15,15,15
86,TEMASCALCINGO,13,ATLACOMULCO DE FABELA,4346,4375,30,35,35
86,TEMASCALCINGO,,,4377,4379,3,,
86,TEMASCALCINGO,,,6582,6583,2,,
87,TEMASCALTEPEC,10,VALLE DE BRAVO,4380,4402,23,23,23
88,TEMOAYA,45,BARRIO LA CABECERA 3A SECCION,4403,4428,26,27,27
88,TEMOAYA,,,6654,0,1,,
89,TENANCINGO,7,TENANCINGO DE DEGOLLADO,4429,4432,4,36,36
89,TENANCINGO,,,4434,4465,32,,
90,TENANGO DEL AIRE,28,AMECAMECA DE JUÁREZ,4466,4470,5,5,5
91,TENANGO DEL VALLE,7,TENANCINGO DE DEGOLLADO,4471,4497,27,27,27
92,TEOLOYUCAN,12,TEOLOYUCAN,4498,4522,25,25,25
93,TEOTIHUACÁN,33,OJO DE AGUA,4523,4545,23,23,23
94,TEPETLAOXTOC,39,TEPEXPAN,4546,4552,7,12,12
94,TEPETLAOXTOC,,,4554,4555,2,,
94,TEPETLAOXTOC,,,6183,0,1,,
94,TEPETLAOXTOC,,,6590,6591,2,,
95,TEPETLIXPA,28,AMECAMECA DE JUÁREZ,4556,4563,8,8,8
96,TEPOTZOTLÁN,12,TEOLOYUCAN,4564,4585,22,26,26
96,TEPOTZOTLÁN,,,4587,0,1,,
96,TEPOTZOTLÁN,,,6623,6625,3,,
97,TEQUIXQUIAC,20,ZUMPANGO DE OCAMPO,4588,4600,13,13,13
98,TEXCALTITLÁN,9,TEJUPILCO DE HIDALGO,4601,4608,8,9,9
98,TEXCALTITLÁN,,,6650,0,1,,
99,TEXCALYACAC,29,TIANGUISTENCO DE GALEANA,4609,4610,2,2,2
100,TEXCOCO,23,TEXCOCO DE MORA,4611,4628,18,85,85
100,TEXCOCO,,,4630,4647,18,,
100,TEXCOCO,,,4649,4651,3,,
100,TEXCOCO,,,4653,0,1,,
100,TEXCOCO,,,4655,4690,36,,
100,TEXCOCO,,,6628,6635,8,,
100,TEXCOCO,,,6653,0,1,,
101,TEZOYUCA,39,TEPEXPAN,4691,4698,8,10,10
101,TEZOYUCA,,,4700,0,1,,
101,TEZOYUCA,,,6499,0,1,,
102,TIANGUISTENCO,29,TIANGUISTENCO DE GALEANA,4701,4719,19,25,25
102,TIANGUISTENCO,,,4721,4724,4,,
102,TIANGUISTENCO,,,6615,6616,2,,
103,TIMILPAN,14,JILOTEPEC DE ANDRES MOLINA ENRÍQUEZ,4725,4735,11,11,11
104,TLALMANALCO,28,AMECAMECA DE JUÁREZ,4736,4756,21,21,21
105,TLALNEPANTLA DE BAZ,18,TLALNEPANTLA DE BAZ,4836,4965,130,259,382
105,TLALNEPANTLA DE BAZ,18,TLALNEPANTLA DE BAZ,4970,0,1,,
105,TLALNEPANTLA DE BAZ,18,TLALNEPANTLA DE BAZ,4973,5091,119,,
105,TLALNEPANTLA DE BAZ,18,TLALNEPANTLA DE BAZ,5127,5134,8,,
105,TLALNEPANTLA DE BAZ,18,TLALNEPANTLA DE BAZ,6644,0,1,,
105,TLALNEPANTLA DE BAZ,26,CUAUTITLÁN IZCALLI,4966,4969,4,43,
105,TLALNEPANTLA DE BAZ,,,4971,4972,2,,
105,TLALNEPANTLA DE BAZ,,,5092,5126,35,,
105,TLALNEPANTLA DE BAZ,,,5135,5136,2,,
105,TLALNEPANTLA DE BAZ,37,TLALNEPANTLA DE BAZ,4757,4786,30,80,
105,TLALNEPANTLA DE BAZ,,,4788,4835,48,,
105,TLALNEPANTLA DE BAZ,,,6664,6665,2,,
106,TLATLAYA,9,TEJUPILCO DE HIDALGO,5137,5168,32,32,32
107,TOLUCA,2,TOLUCA DE LERDO,5176,5179,4,106,306
107,TOLUCA,2,TOLUCA DE LERDO,5201,5204,4,,
107,TOLUCA,2,TOLUCA DE LERDO,5267,5272,6,,
107,TOLUCA,2,TOLUCA DE LERDO,5277,5284,8,,
107,TOLUCA,2,TOLUCA DE LERDO,5289,5301,13,,
107,TOLUCA,2,TOLUCA DE LERDO,5308,5311,4,,
107,TOLUCA,2,TOLUCA DE LERDO,5323,5327,5,,
107,TOLUCA,2,TOLUCA DE LERDO,5363,5365,3,,
107,TOLUCA,2,TOLUCA DE LERDO,5367,0,1,,
107,TOLUCA,2,TOLUCA DE LERDO,5387,0,1,,
107,TOLUCA,2,TOLUCA DE LERDO,5390,5395,6,,
107,TOLUCA,2,TOLUCA DE LERDO,5397,0,1,,
107,TOLUCA,2,TOLUCA DE LERDO,5404,5418,15,,
107,TOLUCA,2,TOLUCA DE LERDO,5439,0,1,,
107,TOLUCA,2,TOLUCA DE LERDO,5441,5442,2,,
107,TOLUCA,2,TOLUCA DE LERDO,6433,6462,30,,
107,TOLUCA,2,TOLUCA DE LERDO,6671,6672,2,,
107,TOLUCA,34,TOLUCA DE LERDO,5169,5175,7,158,
107,TOLUCA,34,TOLUCA DE LERDO,5180,5200,21,,
107,TOLUCA,34,TOLUCA DE LERDO,5205,5266,62,,
107,TOLUCA,34,TOLUCA DE LERDO,5273,5276,4,,
107,TOLUCA,34,TOLUCA DE LERDO,5285,5288,4,,
107,TOLUCA,34,TOLUCA DE LERDO,5302,5307,6,,
107,TOLUCA,34,TOLUCA DE LERDO,5312,5322,11,,
107,TOLUCA,34,TOLUCA DE LERDO,5328,5329,2,,
107,TOLUCA,34,TOLUCA DE LERDO,5336,0,1,,
107,TOLUCA,34,TOLUCA DE LERDO,5342,5344,3,,
107,TOLUCA,34,TOLUCA DE LERDO,5354,5362,9,,
107,TOLUCA,34,TOLUCA DE LERDO,5368,5386,19,,
107,TOLUCA,34,TOLUCA DE LERDO,5389,0,1,,
107,TOLUCA,34,TOLUCA DE LERDO,5396,0,1,,
107,TOLUCA,34,TOLUCA DE LERDO,5398,5403,6,,
107,TOLUCA,34,TOLUCA DE LERDO,6516,0,1,,
107,TOLUCA,36,SAN MIGUEL ZINACANTEPEC,5330,5335,6,42,
107,TOLUCA,36,SAN MIGUEL ZINACANTEPEC,5337,5341,5,,
107,TOLUCA,36,SAN MIGUEL ZINACANTEPEC,5345,0,1,,
107,TOLUCA,36,SAN MIGUEL ZINACANTEPEC,5347,5353,7,,
107,TOLUCA,36,SAN MIGUEL ZINACANTEPEC,5419,5438,20,,
107,TOLUCA,36,SAN MIGUEL ZINACANTEPEC,5440,0,1,,
107,TOLUCA,36,SAN MIGUEL ZINACANTEPEC,6675,6676,2,,
108,TONATICO,9,TEJUPILCO DE HIDALGO,5443,5451,9,9,9
109,TULTEPEC,19,SANTA MARÍA TULTEPEC,5452,5481,30,32,32
109,TULTEPEC,,,6638,6639,2,,
110,TULTITLÁN,11,TULTITLÁN DE MARIANO ESCOBEDO,5482,5498,17,126,184
110,TULTITLÁN,11,TULTITLÁN DE MARIANO ESCOBEDO,5500,5567,68,,
110,TULTITLÁN,11,TULTITLÁN DE MARIANO ESCOBEDO,5626,5647,22,,
110,TULTITLÁN,11,TULTITLÁN DE MARIANO ESCOBEDO,5649,5653,5,,
110,TULTITLÁN,11,TULTITLÁN DE MARIANO ESCOBEDO,6171,6182,12,,
110,TULTITLÁN,11,TULTITLÁN DE MARIANO ESCOBEDO,6660,6661,2,,
110,TULTITLÁN,19,SANTA MARÍA TULTEPEC,5568,0,1,10,
110,TULTITLÁN,,,5577,5582,6,,
110,TULTITLÁN,,,5599,0,1,,
110,TULTITLÁN,,,5609,0,1,,
110,TULTITLÁN,,,5625,0,1,,
110,TULTITLÁN,38,COACALCO DE BERRIOZÁBAL,5569,5576,8,48,
110,TULTITLÁN,,,5583,5598,16,,
110,TULTITLÁN,,,5600,5608,9,,
110,TULTITLÁN,,,5610,5624,15,,
111,VALLE DE BRAVO,10,VALLE DE BRAVO,5654,5668,15,32,32
111,VALLE DE BRAVO,,,5670,5681,12,,
111,VALLE DE BRAVO,,,6617,6620,4,,
111,VALLE DE BRAVO,,,6651,0,1,,
112,VILLA DE ALLENDE,10,VALLE DE BRAVO,5682,5703,22,22,22
113,VILLA DEL CARBÓN,14,JILOTEPEC DE ANDRES MOLINA ENRÍQUEZ,5704,5722,19,19,19
114,VILLA GUERRERO,7,TENANCINGO DE DEGOLLADO,5723,5747,25,25,25
115,VILLA VICTORIA,10,VALLE DE BRAVO,108,0,1,49,49
115,VILLA VICTORIA,,,5748,5753,6,,
115,VILLA VICTORIA,,,5755,5760,6,,
115,VILLA VICTORIA,,,5762,5765,4,,
115,VILLA VICTORIA,,,5767,5790,24,,
115,VILLA VICTORIA,,,6600,6606,7,,
115,VILLA VICTORIA,,,6642,0,1,,
116,XONACATLAN,4,LERMA DE VILLADA,5791,5793,3,15,15
116,XONACATLAN,,,5795,5804,10,,
116,XONACATLAN,,,6669,6670,2,,
117,ZACAZONAPAN,10,VALLE DE BRAVO,5805,5806,2,2,2
118,ZACUALPAN,9,TEJUPILCO DE HIDALGO,5807,5821,15,15,15
119,ZINACANTEPEC,36,SAN MIGUEL ZINACANTEPEC,5822,5839,18,48,48
119,ZINACANTEPEC,,,5841,5868,28,,
119,ZINACANTEPEC,,,6655,6656,2,,
120,ZUMPAHUACAN,7,TENANCINGO DE DEGOLLADO,5869,5879,11,11,11
121,ZUMPANGO,20,ZUMPANGO DE OCAMPO,5880,5923,44,44,44
122,VALLE DE CHALCO SOLIDARIDAD,27,VALLE DE CHALCO SOLIDARIDAD,912,936,25,115,115
122,VALLE DE CHALCO SOLIDARIDAD,27,VALLE DE CHALCO SOLIDARIDAD,939,965,27,,
122,VALLE DE CHALCO SOLIDARIDAD,27,VALLE DE CHALCO SOLIDARIDAD,968,985,18,,
122,VALLE DE CHALCO SOLIDARIDAD,27,VALLE DE CHALCO SOLIDARIDAD,997,1016,20,,
122,VALLE DE CHALCO SOLIDARIDAD,27,VALLE DE CHALCO SOLIDARIDAD,1028,1034,7,,
122,VALLE DE CHALCO SOLIDARIDAD,27,VALLE DE CHALCO SOLIDARIDAD,1061,0,1,,
122,VALLE DE CHALCO SOLIDARIDAD,27,VALLE DE CHALCO SOLIDARIDAD,2083,2086,4,,
122,VALLE DE CHALCO SOLIDARIDAD,27,VALLE DE CHALCO SOLIDARIDAD,2114,2121,8,,
122,VALLE DE CHALCO SOLIDARIDAD,27,VALLE DE CHALCO SOLIDARIDAD,5924,5928,5,,
123,LUVIANOS,9,TEJUPILCO DE HIDALGO,4266,4273,8,27,27
123,LUVIANOS,,,4278,0,1,,
123,LUVIANOS,,,4281,4282,2,,
123,LUVIANOS,,,4284,4290,7,,
123,LUVIANOS,,,4296,0,1,,
123,LUVIANOS,,,4301,4302,2,,
123,LUVIANOS,,,4306,0,1,,
123,LUVIANOS,,,4317,4318,2,,
123,LUVIANOS,,,4320,0,1,,
123,LUVIANOS,,,5929,5930,2,,
124,SAN JOSÉ DEL RINCÓN,13,ATLACOMULCO DE FABELA,4027,4031,5,44,44
124,SAN JOSÉ DEL RINCÓN,,,4033,0,1,,
124,SAN JOSÉ DEL RINCÓN,,,4044,4050,7,,
124,SAN JOSÉ DEL RINCÓN,,,4062,4067,6,,
124,SAN JOSÉ DEL RINCÓN,,,4080,4085,6,,
124,SAN JOSÉ DEL RINCÓN,,,4091,4096,6,,
124,SAN JOSÉ DEL RINCÓN,,,4098,4099,2,,
124,SAN JOSÉ DEL RINCÓN,,,4101,4102,2,,
124,SAN JOSÉ DEL RINCÓN,,,4104,4105,2,,
124,SAN JOSÉ DEL RINCÓN,,,5932,5937,6,,
124,SAN JOSÉ DEL RINCÓN,,,6643,0,1,,
125,TONANITLA,22,OJO DE AGUA,2247,2249,3,3,3